[
  {
    "line": 20,
    "elements": [
      {
        "start_timestamp": "2021-04-03T12:12:00.811Z",
        "before": [
          {
            "result": {
              "duration": 5000000,
              "status": "passed"
            },
            "match": {
              "location": "hooks.Hooks.getProperty()"
            }
          },
          {
            "result": {
              "duration": 5533000000,
              "status": "passed"
            },
            "match": {
              "location": "hooks.Hooks.launchBrowser()"
            }
          }
        ],
        "line": 32,
        "name": "Search Result",
        "description": "",
        "id": "google-keyword-search;search-result;;2",
        "after": [
          {
            "result": {
              "duration": 2000000,
              "status": "passed"
            },
            "match": {
              "location": "hooks.Hooks.tearDown(io.cucumber.java.Scenario)"
            }
          },
          {
            "result": {
              "duration": 1204000000,
              "status": "passed"
            },
            "match": {
              "location": "hooks.Hooks.quitBrowser()"
            }
          }
        ],
        "type": "scenario",
        "keyword": "Scenario Outline",
        "steps": [
          {
            "result": {
              "duration": 9685000000,
              "status": "passed"
            },
            "line": 25,
            "name": "user is on google search page",
            "match": {
              "location": "stepdefinitions.GoogleSearchSteps.user_is_on_google_search_page()"
            },
            "keyword": "Given "
          },
          {
            "result": {
              "duration": 7914000000,
              "status": "passed"
            },
            "line": 26,
            "name": "user enters a given \"Java\"",
            "match": {
              "arguments": [
                {
                  "val": "\"Java\"",
                  "offset": 20
                }
              ],
              "location": "stepdefinitions.GoogleSearchSteps.user_enters_a_given(java.lang.String)"
            },
            "keyword": "When "
          },
          {
            "result": {
              "duration": 550000000,
              "status": "passed"
            },
            "line": 27,
            "name": "google gives search results and store top 10 results in a file",
            "match": {
              "arguments": [
                {
                  "val": "10",
                  "offset": 42
                }
              ],
              "location": "stepdefinitions.GoogleSearchSteps.google_gives_search_results_and_store_top_results_in_a_file(java.lang.Integer)"
            },
            "keyword": "Then "
          },
          {
            "result": {
              "duration": 4000000,
              "status": "passed"
            },
            "line": 28,
            "name": "display the content of the file in a console",
            "match": {
              "location": "stepdefinitions.GoogleSearchSteps.display_the_content_of_the_file_in_a_console()"
            },
            "keyword": "And "
          }
        ]
      }
    ],
    "name": "google keyword search",
    "description": "",
    "id": "google-keyword-search",
    "keyword": "Feature",
    "uri": "file:src/test/resources/features/GoogleSearch.feature",
    "tags": []
  }
]